section,k,k_hex,pubkey_compressed,x,y
start,1,0x1,b'\x02y\xbef~\xf9\xdc\xbb\xacU\xa0b\x95\xce\x87\x0b\x07\x02\x9b\xfc\xdb-\xce(\xd9Y\xf2\x81[\x16\xf8\x17\x98',55066263022277343669578718895168534326250603453777594175500187360389116729240,32670510020758816978083085130507043184471273380659243275938904335757337482424
start,2,0x2,b'\x02\xc6\x04\x7f\x94A\xed}m0E@n\x95\xc0|\xd8\\w\x8eK\x8c\xef<\xa7\xab\xac\t\xb9\\p\x9e\xe5',89565891926547004231252920425935692360644145829622209833684329913297188986597,12158399299693830322967808612713398636155367887041628176798871954788371653930
start,3,0x3,b'\x02\xf90\x8a\x01\x92X\xc3\x10I4O\x85\xf8\x9dR)\xb51\xc8E\x83o\x99\xb0\x86\x01\xf1\x13\xbc\xe06\xf9',112711660439710606056748659173929673102114977341539408544630613555209775888121,25583027980570883691656905877401976406448868254816295069919888960541586679410
start,4,0x4,b'\x02\xe4\x93\xdb\xf1\xc1\r\x80\xf3X\x1eI\x04\x93\x0b\x14\x04\xccl\x13\x90\x0e\xe0u\x84t\xfa\x94\xab\xe8\xc4\xcd\x13',103388573995635080359749164254216598308788835304023601477803095234286494993683,37057141145242123013015316630864329550140216928701153669873286428255828810018
start,5,0x5,b'\x02/\x8b\xdeM\x1a\x07 \x93U\xb4\xa7%\n\\Q(\xe8\x8b\x84\xbd\xdca\x9a\xb7\xcb\xa8\xd5i\xb2@\xef\xe4',21505829891763648114329055987619236494102133314575206970830385799158076338148,98003708678762621233683240503080860129026887322874138805529884920309963580118
start,6,0x6,b'\x03\xff\xf9{\xd5u^\xee\xa4 E:\x145R5\xd3\x82\xf6G/\x85h\xa1\x8b/\x05z\x14`)uV',115780575977492633039504758427830329241728645270042306223540962614150928364886,78735063515800386211891312544505775871260717697865196436804966483607426560663
start,7,0x7,b'\x02\\\xbd\xf0dn]\xb4\xea\xa3\x98\xf3e\xf2\xeaz\x0e=A\x9b~\x030\xe3\x9c\xe9+\xdd\xed\xca\xc4\xf9\xbc',41948375291644419605210209193538855353224492619856392092318293986323063962044,48361766907851246668144012348516735800090617714386977531302791340517493990618
start,8,0x8,b'\x02/\x01\xe5\xe1\\\xca5\x1d\xaf\xf3\x84?\xb7\x0f</\n\x1b\xdd\x05\xe5\xaf\x88\x8agxN\xf3\xe1\n*\x01',21262057306151627953595685090280431278183829487175876377991189246716355947009,41749993296225487051377864631615517161996906063147759678534462689479575333124
start,9,0x9,"b""\x03\xac\xd4\x84\xe2\xf0\xc7\xf6S\t\xad\x17\x8a\x9fU\x9a\xbd\xe0\x97\x96\x97LW\xe7\x14\xc3_\x11\r\xfc'\xcc\xbe""",78173298682877769088723994436027545680738210601369041078747105985693655485630,92362876758821804597230797234617159328445543067760556585160674174871431781431
start,10,0xa,b'\x03\xa0CM\x9eG\xf3\xc8b5G|{\x1a\xe6\xae]4B\xd4\x9b\x19C\xc2\xb7R\xa6\x8e*G\xe2G\xc7',72488970228380509287422715226575535698893157273063074627791787432852706183111,62070622898698443831883535403436258712770888294397026493185421712108624767191
start,11,0xb,b'\x03wJ\xe7\xf8X\xa9A\x1e^\xf4$kp\xc6Z\xacVI\x98\x0b\xe5\xc1x\x91\xbb\xec\x17\x89]\xa0\x08\xcb',53957576663012291606402345341061437133522758407718089353314528343643821967563,98386217607324929854432842186271083758341411730506808463586570492533445740059
start,12,0xc,b'\x03\xd0\x11\x15\xd5H\xe7V\x1b\x15\xc3\x8f\x00MsF3h|\xf4A\x96 \t[\xc5\xb0\xf4pp\xaf\xe8Z',94111259592240215275188773285036844871058226277992966241101117022315524122714,76870767327212528811304566602812752860184934880685532702451763239157141742375
start,13,0xd,b'\x03\xf2\x87s\xc2\xd9u(\x8b\xc7\xd1\xd2\x05\xc3t\x86Q\xb0u\xfb\xc6a\x0eX\xcd\xde\xed\xdf\x8f\x19@Z\xa8',109699032664856045668214896063362497021339186688470416858630178803463338613416,4835088675770141268294878046681321747490758260515711581034896622314066275713
start,14,0xe,b'\x03I\x9f\xdf\x9e\x89^q\x9c\xfdd\xe6\x7f\x07\xd3\x8e2&\xaa{cg\x89I\xe6\xe4\x9b$\x1a`\xe8#\xe4',33301309993451753050311554695703528430361259803437469669590207169100761277412,91711666877231500617203373035680263572492971120307578300405368749466283229019
start,15,0xf,b'\x02\xd7\x92MO}C\xea\x96ZFZ\xe3\t_\xf4\x111\xe5\x94o<\x85\xf7\x9eD\xad\xbc\xf8\xe2~\x08\x0e',97505755694356382817881959832717013755620551362654128955029190924747025549326,39856815248295663243990443767776362321337592747889787217974905533720651000664
start,16,0x10,b'\x03\xe6\x0f\xce\x93\xb5\x9e\x9e\xc50\x11\xaa\xbc!\xc2>\x97\xb2\xa3\x13i\xb8zZ\xe9\xc4N\xe8\x9e*m\xec\n',104059883622109321374094289636044428849728529177856482232626205340719788190730,112122903140080327253741791678230372394936108416576609264408917599318947489825
start,17,0x11,b'\x03\xde\xfd\xeaL\xdbgwP\xa4 \xfe\xe8\x07\xea\xcf!\xeb\x98\x98\xaey\xb9v\x87f\xe4\xfa\xa0J-J4',100862081773581120499222301212791081193994281440454033593790618293887747050036,29883864782608871580821802176208615141762369223249393426421538275393411672951
start,18,0x12,b'\x02V\x01W\x0c\xb4\x7f#\x8d+\x02\x86\xdbJ\x99\x0f\xa0\xf3\xba(\xd1\xa3\x19\xf5\xe7\xcfU\xc2\xa2DM\xa7\xcc',38901272619685732968285380035171577070479117282397203902622597987558769928140,87393127487643849618870152207476122589010570440825041333620493866032028851544
start,19,0x13,"b""\x02+N\xa0\xa7\x97\xa4C\xd2\x93\xef\\\xffDOIy\xf0j\xcf\xeb\xd7\xe8m'tuea88[l""",19588375357829479297593261744848590434972900972071148260168833594658324503404,60568592333449737531184420002591396163903580402725242236305558432410218044282
start,20,0x14,b'\x02L\xe1\x19\xc9n/\xa3W \x0bU\x9b/}\xd5\xa5\xf0-R\x90\xaf\xf7K\x03\xf3\xe4q\xb2s!\x1c\x97',34773495056115281091786765947597603724784643419904767525769502836017890139287,8470533044743364938367028725608288731153024648869546164814808839694950063162
start,21,0x15,"b'\x025+\xbfJL\xdd\x12VO\x93\xfa3,\xe330\x1d\x9a\xd4\x02q\xf8\x10q\x814\n\xef%\xbeY\xd5'",24049875635381557237058143631624836741422505207761609709712554171343558302165,22669890352939653242079781319904043788036611953081321775127194249638113810828
start,22,0x16,b'\x03B\x1f_\xc9\xa2\x10eD\\\x96\xfd\xb9\x1c\x0c\x1e/$1t\x1crq;K\x99\xdd\xcb1o1\xe9\xfc',29908081367423272746086114569421970207888665320998202915346633185016778189308,19705544727792599099830884487151299095417296550955739824847212341657057716097
start,23,0x17,b'\x03/\xa2\x10Mk8\xd1\x1b\x020\x01\x05Y\x87\x91$\xe4*\xb8\xdf\xef\xf5\xff)\xdc\x9c\xda\xddN\xca\xcc?',21545045623056848826483343441081830815719530893582365358444562918095175994431,1296978981679745807043951140304019026881137717020402959957988455650813508967
start,24,0x18,b'\x03\xfer\xc45A=3\xd4\x8a\xc0\x9c\x91a\xba\x8b\th2\x15C\x9db\xb7\x94\x05\x02\xbd\xa8\xb2\x02\xe6\xce',115090238283566018960826468250608273126387416636633736439689841211757211870926,47185183227829754668635270747409548752084785367264057948864458978444304762303
start,25,0x19,"b""\x02\x92H'\x9b\t\xb4\xd6\x8d\xab!\xa9\xb0f\xed\xda\x83&<=\x84\xe0\x95r\xe2i\xca\x0c\xd7\xf5E7\x14""",66165162229742397718677620062386824252848999675912518712054484685772795754260,52018513869565587577673992057861898728543589604141463438466108080111932355586
start,26,0x1a,b'\x02f\x87\xcd\xb5\xb6P\xd5X\xf4\x0c\xbd\xef\xc8\xe4\t\x97\xc0?\xe1\xb2\xab\xb8@\x88^\\\xad\x81q\x0cL\x8a',46375854666189782329411331467438732923135312366454677774518044107217916677258,28872066516664221627799718496556756366588329842312456769228220433104069963108
start,27,0x1b,"b""\x03\xda\xedO+\xe3\xa8\xbf'\x8ep\x13/\xb0\xbe\xb7R/W\x0e\x14K\xf6\x15\xc0~\x99mD=\xee\x87)""",99023490166718961467148584643029653267652245207820783364668071358307234645801,75362751621984629832705305750958516370071248757681753180287377123479199292501
start,28,0x1c,b'\x02U\xebg\xd7\xb7#\x8ap\xa7\xfaod\xd5\xdc<\x82k1Sm\xa6\xeb4M\xc3\x9af\xf9\x04\xf9yh',38862517885349586199469132990077977525522399615397327331631717567532241615208,56796032415390392137148811074183321813766115156763923072036584114852967736264
start,29,0x1d,"b'\x02\xc4M\x12\xc7\x06]\x81.\x8a\xcf(\xd7\xcb\xb1\x9f\x90\x11\xec\xd9\xe9\xfd\xf2\x81\xb0\xe6\xa3\xb5\xe8}""\xe7\xdb'",88789495143442116025801984763830218317601484092281216301053684219001740388315,14971629676138079947354454610178388572791590863859394042797260533911845233794
start,30,0x1e,b'\x03m+\x08^\x9e8.\xd1\x0bi\xfc1\x1a\x03\xf8d\x1c\xcf\xff!WM\xe0\x92u\x13\xa4\x9d\x9ah\x8a\x00',49378132684229722274313556995573891527709373183446262831552359577455015004672,78123232289538034746933569305416412888858560602643272431489024958214987548923
start,31,0x1f,b'\x02j$[\xf6\xdci\x85\x04\xc8\x9a \xcf\xde\xd6\x08S\x15+iS6\xc2\x80c\xb6\x1ce\xcb\xd2i\xe6\xb4',48009403158434809478298710137233764200988036438868259456275038304221065242292,101379581344212856035375194820281365028426536613141130008386086305632315345538
start,32,0x20,b'\x03\xd3\x01\x99\xd7O\xb5\xa2-G\xb6\xe0T\xe2\xf3x\xce\xda\xcf\xfc\xb8\x99\x04\xa6\x1du\xd0\xdb\xd4\x07\x14>e',95440839670107969455973995843666399663662641812074432045896568980475242364517,67400892360194400039319989411395972789004161889863182881857158544061243615929
start,33,0x21,"b""\x02\x16\x97\xff\xa6\xfd\x9d\xe6'\xc0w\xe3\xd2\xfeT\x10\x84\xce\x130\x0b\x0b\xec\x11F\xf9Z\xe5\x7f\r\x0b\xd6\xa5""",10219441022991940610048493520113102240595005085840974180672104038719657072293,84023467742492607926612431243360899514584580916128500081114886405247779677078
start,34,0x22,b'\x03\x1b\xe6\x8aZ\x02\x8f&\x01\xd0\xe8\rF\x8c4K\xa31\xd6\x11\xb9l5\x8b`2\xe8\xb4\xda\x05G\xfc\x11',12619776604307790469550660645393525758448419897555601226868753617320214526993,86272100689574882152938150858861318820088413186167100601966648021512258522745
start,35,0x23,b'\x03`[\xdb\x01\x99\x81q\x8b\x98m\x0f\x07\xe84\xcb\r\x9d\xeb\x83`\xff\xb7\xf6\x1d\xf9\x824^\xf2zty',43584328072464330665967763306297595761508151294385275883849271528835646125177,1171731419844835688478928898148416329180259014376715189840427072871218252873
start,36,0x24,"b'\x02\xe09,\xfa3\x8a\xaf/\x0bV\xc5c\xe3\xe5\xe6z]_\xef\xe38\x8f\x85\xd9\x0c\x89\x9d\xa2\x0f\x01\x98\xf9'",101419098787597942766661010883841213675986572091206578880178916574081925093625,53748097764673089702489673031527129553025318704228137363806494938199580582828
start,37,0x25,b'\x03b\xd1M\xabAP\xbfIt\x02\xfd\xc4Z!^\x10\xdc\xb0\x1c5IY\xb1\x0c\xfe1\xc7\xe9\xd8\x7f\xf3=',44696466249196887777481833878429299174322536392992392205634510941844339159869,58341336599715296255997469230977942456412351469447624645098110293822755987119
start,38,0x26,b'\x02\xb6\x99\xa3\x0en\x18L\xdf\xa8\x8a\xc1l}\x80\xbf\xfd8\xe2\xe1\xfcpX!\xeai\xcd_\xdf\x16\x91\xff\xf7',82592391416753704330480457266605199466589998476548643675167586509583694299127,96352244311289141626709213538144106127822954871227876742730890119647945927428
start,39,0x27,"b""\x02\x80\xc6\n\xd0\x04\x0f'\xda\xde[K\x06\xc4\x08\xe5k,P\xe9\xf5k\x9b\x8bB^U\\/\x860\x8bo""",58245954963044076335222193032419637688317373475605757277584156718458924469103,12764036181290433088658499435961200322530176588733628912045896254235383420282
start,40,0x28,b'\x03\x91\xde/k\xb6{\x11\x13\x9f\x0e! 0A\xbf\x08\x0e\xac\xf5\x9a3\xd9\x9c\xd9\xf1\x92\x91A\xbb\x0bM\x0b',65977930378964483966842705159007630837451149704819265634327747226133817150731,106574384264472205627876631445935175739834375489227447805380155393950263965849
start,41,0x29,b'\x03z\x93u\xadag\xadT\xaat\xc64\x8c\xc5M4L\xc5\xdc\x94\x87\xd8G\x04\x9d^\xab\xb0\xfa\x03\xc8\xfb',55442706224332212356956949983947160877073898960448236395042968736464621521147,5905242281663190858892708265754696019921609450612128937011632221309721495543
start,42,0x2a,"b'\x02\xfe\x8d\x1e\xb1\xbc\xb3C+\x1d\xb5\x83?\xf5\xf2""m\x9c\xb5\xe6\\\xeeC\x05X\xc1\x8e\xd3\xa3\xc8l\xe1\xaf'",115136800820456833737994126771386015026287095034625623644186278108926690779567,3479535755779840016334846590594739014278212596066547564422106861430200972724
start,43,0x2b,b'\x03\xd5(\xec\xd9\xb6\x96\xb5L\x90z\x9e\xd0EDzy\xbb@\x8e\xc3\x9bh\xdfPK\xb5\x1fE\x9b\xc3\xff\xc9',96414945312501980282409358461754977502747357521062737878469375231739675541449,108016644921439980219149763541432916357155273945921323318636524851968650287411
start,44,0x2c,"b'\x02]\x04XW3-[\x9eT\x15\x14s\x16""\xaf\x8d`\xc1\x80\x16]\x97\x1aa\xe0kp\xa9\xb3\x83Ge'",42072772011086351294328511389423850314698152445154323541536957340534349973349,99133657745585934968186133288050721248258413615930917407282740640761199917928
start,45,0x2d,b'\x02\x04\x93p\xa4\xb5\xf44\x12\xea%\xf5\x14\xe8\xec\xda\xd0Rf\x11^J~\xcb\x13\x87#\x18\x08\xf8\xb4Yc',2069755349039566255304036353648839232649715781170511813011535420394543798627,53173698995439924366951845531266805314230463309822098990695656330917108292762
start,46,0x2e,"b'\x03\xf8\xb0\xb0=D\x11""Y\xf9\x03\xb3\xd1\x00\xe3\x95\r\x98\x0f\xdd\xe9\xc7\xe8W\x01\xc1k\xae\xdc\x90#W\x17'",112485767891133126222498548010271946438760990210983300801299715976951536768791,85739109496996784368776054024999276184984966609644199395125789597014054674947
start,47,0x2f,b'\x02w\xf20\x93n\xe8\x8c\xbb\xd7=\xf90\xd6G\x02\xef\x88\x1d\x81\x1e\x0e\x14\x98\xe2\xf1\xc1>\xb1\xfc4]t',54253141229701892740678441538472478126466317116121420289154985997987923385716,67647191893224491627918802490479062705030965032432110320079555712709270724822
start,48,0x30,"b""\x02n\xca3]\x96E0}\xb4Aen\xf4\xe6[K\xfcW\x9b'E+\xeb\xc1\x9b\xd8p\xaa\x11\x18\xe5\xc3""",50111670963408569345385204828013406423962206186815367070190059614189255189955,96344650049071302355595011727277439354119658646232861677212062449792674989672
start,49,0x31,b'\x03\xf2\xda\xc9\x91\xccL\xe4\xb9\xeaD\x88~\\|\x0b\xceX\xc8\x00t\xab\x9dM\xba\xeb(S\x1bw9\xf50',109846273198995465046214558810696509369395695668678477567979041624391316796720,101711840700253487202274292900077312932162220876743713596510869779955653950519
start,50,0x32,b'\x02)uwt\xcco;\xe1\xd5\xf1wJ\xef\xa8\xf0.P\xbcd@B0\xe7\xa6~\x8f\xdey\xbdU\x9a\x9a',18752372355191540835222161239240920883340654532661984440989362140194381601434,88478450163343634110113046083156231725329016889379853417393465962619872936244
end,100741436555528905222282934786429520668475596642490298392302379885456411308864,0xdeb9a1e9022ff8ddecab559c3df7910d4ed827d41c39051b6640f159abb3b340,b'\x03o\xd1)<\xccc\x01\x04\x91\xdc\x97 \x0f\x9a\xd2\xc0i\xab\xc4\x05\x07z\x16\xee\xc4tJ\xf0(\x92\x00\xa1',50576281840002705250277898611393113543368974177948386737901817362255182954657,91437460021290988530083427053359476837674079844200421629875539216321052443449
end,100741436555528905222282934786429520668475596642490298392302379885456411308865,0xdeb9a1e9022ff8ddecab559c3df7910d4ed827d41c39051b6640f159abb3b341,b'\x02\xd63\xcc\x1d\xa4F\xf4\xdc\x83\xdcp\xdc>\x8a\x8cW\xb6\x01\xf7MN\x97\x97O\xd0\xbbP\xad\xd1\xceb4',96886467552516308975556214585074709575166214660234189334084283311494043427380,11493309122776207089540899329930294409999263098918510426677955074871205345356
end,100741436555528905222282934786429520668475596642490298392302379885456411308866,0xdeb9a1e9022ff8ddecab559c3df7910d4ed827d41c39051b6640f159abb3b342,b'\x02\x19\xdf\xffU\xa4\x9a\xf3\x0ei\xd4\x84\xb6x[\xafC\x91M+\x0e\xcc9\xac\x84\xbd\xef\x8c\x172)^\xfe',11703590364276096051919729766308439130089344429746374257516799676055777009406,99941509953377753262034717737554938335109789718072485542223982519988098744252
end,100741436555528905222282934786429520668475596642490298392302379885456411308867,0xdeb9a1e9022ff8ddecab559c3df7910d4ed827d41c39051b6640f159abb3b343,"b'\x03\x83NL""\xd6F\xe7\xf9\x9fB\xa6&w\xbd\xa7\xf3\x1a-fa\x0c\xaf\xccP\x14\xcd\xc4\x8b\xeb\x89\x97S'",59391322707387153136998527611488973929856802743611386391963785585286892328787,71734660165958298205094198725205908956246472495585367830593938231052761287455
end,100741436555528905222282934786429520668475596642490298392302379885456411308868,0xdeb9a1e9022ff8ddecab559c3df7910d4ed827d41c39051b6640f159abb3b344,b'\x03\xfc|n\xe3\xab\x7f\xa6?\xf7\xdf\x90\xce\xbf+\xb9\xd8qlu?\xff\xfbD\xf2\xa9\xac\x05\xf1UU\x18\x07',114202692209082603730426687722565486817559363225985065648475757495957889292295,98116585798307510621808897732169857866597566474772010577207200147957746629611
end,100741436555528905222282934786429520668475596642490298392302379885456411308869,0xdeb9a1e9022ff8ddecab559c3df7910d4ed827d41c39051b6640f159abb3b345,b'\x03a#wF\xae(\xc9B\xb6#\xeeq\x94m\x89\xbc\x8d\x17\x03\xa1\xef\xf0|\xd6\xc3\x83 $ZDV\x94',43937009173196735110587191013404352863726483996119738817768032078499634501268,46010369455745172286476268813882103355792288243804212146511083738492768348901
end,100741436555528905222282934786429520668475596642490298392302379885456411308870,0xdeb9a1e9022ff8ddecab559c3df7910d4ed827d41c39051b6640f159abb3b346,b'\x03\x1c\x8e\xf9\xf4\xce\x9aG\xabvV-\xd3\xf4\xf6\x7f\x89\x8cc\xf68\xd0\xbd\xe9\x82$i\xcb\x93\xb7\xbat\x11',12917377178355126262459877806179327361901399302604158318108104806428967597073,81204030882132413116816579697463221801175219552374824566689010216490799323419
end,100741436555528905222282934786429520668475596642490298392302379885456411308871,0xdeb9a1e9022ff8ddecab559c3df7910d4ed827d41c39051b6640f159abb3b347,"b'\x03UD\xc08\xfb\xd9\xb5Y%\xf9\x02\xad\xd9\xd1\xb7\x1f\x13A\xb4\xd0G\xd0\xec\xf7\xf9\x98\r\x8c\xfa` ""'",38568064401561115541248916260733101505060277677882757569603925488092330336290,58435527254495152439799747033484223271622318916956905513962116424123612775213
end,100741436555528905222282934786429520668475596642490298392302379885456411308872,0xdeb9a1e9022ff8ddecab559c3df7910d4ed827d41c39051b6640f159abb3b348,b'\x03F{\xce\x1eH3\xf5{\xb9\xf4\xfa\n0\xbc\x85!Q\x84\x05=\xfdk\xb6\xa4=\xc7\xb9E\xef<\xca\xc1',31880644165946086989036812839048653113019051328548929632591105618550149925569,20910349223581748811129030591219398866821997540927676835980551681559658684459
end,100741436555528905222282934786429520668475596642490298392302379885456411308873,0xdeb9a1e9022ff8ddecab559c3df7910d4ed827d41c39051b6640f159abb3b349,b'\x03\x0f\xdd|\x96T\x1ek\xcdd\x04\xa3\x92\x1c/\x91\xbcU\xec+\xb6.%v\xf0.r?{\xf8xz\x1a',7176025799462767880911123642817606479247221665752839544442209962798335162906,14543857840888068176750851860282641890710546561896858681350117620601380941403
end,100741436555528905222282934786429520668475596642490298392302379885456411308874,0xdeb9a1e9022ff8ddecab559c3df7910d4ed827d41c39051b6640f159abb3b34a,b'\x02\xd8\xbd\x1af\xfb\xe6\xe0)\x14\x19;i\xa6QIg\xec\xado\xcc\xdd\xb3\xb7\n\xd0\xc9\xe1\x15\xd6\x87\x89+',98033691611076593063782717887973355097323145816535056286732913054291707005227,49648483056886517264819015777746187254057660014217232533304345407204159133506
end,100741436555528905222282934786429520668475596642490298392302379885456411308875,0xdeb9a1e9022ff8ddecab559c3df7910d4ed827d41c39051b6640f159abb3b34b,b'\x02\tV\xb4Q\xe8O\x01\xd5W\x9b(\x83z\xcb\xde\x03\x04\xa0d\xab\xcd\xd0\x9d\x91n\x06\xff4\xee\xd0j?',4224009007383394216608812681833808082166113782968111891433126204115352840767,82768325781832027625174593731567130017059013049029997855513226009110768627004
end,100741436555528905222282934786429520668475596642490298392302379885456411308876,0xdeb9a1e9022ff8ddecab559c3df7910d4ed827d41c39051b6640f159abb3b34c,b'\x03jt\xcc\x1b\x0eMe\xa5\x9d\x86\xb0N\xda\xee\xcf\xe1\x8c3\x9d\xd0nb\xb1\xe4\x13\xe9\xff\x1f\x0c8\x98$',48151524895020046424298954376828468170212272465700375477262756331588026931236,16495746619130122330928698118219669530815704525241670525329337750117188804603
end,100741436555528905222282934786429520668475596642490298392302379885456411308877,0xdeb9a1e9022ff8ddecab559c3df7910d4ed827d41c39051b6640f159abb3b34d,b'\x02\xc6\x18\xdf\xb0\xfbu\xf3\x1a\xa3k\xc3\x00\xf0\xb4Y<\xaf\t\xdd4\x98\xa8\x80\xda\xd0\xacn\xe0N\xf0v!',89601892209909280706331353756271635246273333732932087587380987383565230568993,40639645051082570812698796420065468738868938241233120640897641409394398856124
end,100741436555528905222282934786429520668475596642490298392302379885456411308878,0xdeb9a1e9022ff8ddecab559c3df7910d4ed827d41c39051b6640f159abb3b34e,b'\x02$c\xd6\\\xaf\xa3TF\xe0.4\xa3x\xeeUnv\xafnr9\xb3\x02\x1e\xf7C\xb8\xefJz\x8d}',16459659880940797368975864054712762141068567157784203569833727236830700146045,103489659726049188308590330481468803301076217751047198207568839219320433730434
end,100741436555528905222282934786429520668475596642490298392302379885456411308879,0xdeb9a1e9022ff8ddecab559c3df7910d4ed827d41c39051b6640f159abb3b34f,"b'\x03\xfb""\x1e$\xedT.\xab\n(\tN\xfa\x1c\xa4v|\xce\xff\x00y\t\xdd\xad\xb6\xee\r\xdcOQU\xfe'",113590805842544455997182117220533048788058665850142086143003043419966372140542,28441884120091223459008271378481593988151369879772553661647263934195544907955
end,100741436555528905222282934786429520668475596642490298392302379885456411308880,0xdeb9a1e9022ff8ddecab559c3df7910d4ed827d41c39051b6640f159abb3b350,b'\x03\xe5\x19\x0f\xfa\x93\xef!\x00\xb9Hw\xea0\xf027\x90\x8f\xe6\xc7\r8G\xc21\xfd\x89\xff\x87\xfa\xaby',103623923783948609997924012257808514722992237950348741679976552623434624576377,14037547223725801722053796415666482721800213425153051581309962336918600199455
end,100741436555528905222282934786429520668475596642490298392302379885456411308881,0xdeb9a1e9022ff8ddecab559c3df7910d4ed827d41c39051b6640f159abb3b351,"b""\x02\x00\xe25T\x05\xc8T\xc2\xbe\xc7'@tv\x0e\xab!\xc0\xd4\xce\x99k=\x9c4\x96\x88\x16\x173{\x99""",399675494440787690460464228409569101231966863654111714374537582868895595417,94624646889171531123488774896992081899835703944119517380228733988700288119838
end,100741436555528905222282934786429520668475596642490298392302379885456411308882,0xdeb9a1e9022ff8ddecab559c3df7910d4ed827d41c39051b6640f159abb3b352,b'\x03\x0f\xb8\x88\xb3\xbf@\xf8\xbfg<\xdf\x9a\xb8<H\x86@\xfc\x80\xcd\x94\x9fS\xe0\xd4\xb2f\xc6{1\xadG',7110736072143210982587156329557412135052417499263360661230627298960628362567,64786685697484158369012511383398761296979631499486657795792147645562494391873
end,100741436555528905222282934786429520668475596642490298392302379885456411308883,0xdeb9a1e9022ff8ddecab559c3df7910d4ed827d41c39051b6640f159abb3b353,b'\x02\xf4\xb5\x99\x90\x85\x91S\xe8\x98\x98\xb1\xd8\x9e\xfb\xae\xfe\xdf\x81\xd1\x1b%\xff\xf1\xe0\xc6v\\\x9aL\xc9\x02\x9b',110685194236531584520705209942669499169417979988206485644673214024858221478555,59001312182879933962631864479977367493410699054133818689380796544275334412980
end,100741436555528905222282934786429520668475596642490298392302379885456411308884,0xdeb9a1e9022ff8ddecab559c3df7910d4ed827d41c39051b6640f159abb3b354,b'\x03\xd7\xfd\xe5j\xbc\x85]5*X\xd4;\xd8\x8d\xc17\x9c\x8d\xc9\xddp\xef\xcf\x91\x16by\x0e\xe1\tJ@',97695858130312540131906943899092602744170012134086564834515969898258155260480,29904503972471909267087965549854511261540928563579671978157082467754452539971
end,100741436555528905222282934786429520668475596642490298392302379885456411308885,0xdeb9a1e9022ff8ddecab559c3df7910d4ed827d41c39051b6640f159abb3b355,b'\x02V\x9b\xdb\x96.\xa1\xf2AM\x8b\xef\xc8\xf7``4\xc2\xac9\xeb\x95\x13SA\xc4\xc9\x86\xfd\x83\xda\x8b\xd6',39174281804554492441362276683226069098893912634829790265294522965917620145110,6499538903279804911144698787528517080115084406116665694038589788878639551294
end,100741436555528905222282934786429520668475596642490298392302379885456411308886,0xdeb9a1e9022ff8ddecab559c3df7910d4ed827d41c39051b6640f159abb3b356,b'\x02\xe1\xcc(\xb2\x12\xca[r\xe1.\xea\xe7N\xfb\xc4\xcc\xc0\xe7\x87-\xe1\xd2V\xe5tm\x83}\xfeZ\xeb\xb3',102131108603152972345250163001443936422515814208216976294573176107098487581619,108320587034240521665351834359308971337371386173732257015113669480687928203338
end,100741436555528905222282934786429520668475596642490298392302379885456411308887,0xdeb9a1e9022ff8ddecab559c3df7910d4ed827d41c39051b6640f159abb3b357,b'\x02\x8d\x1e\xe9\xe1\t\xbbm\x8a\xd4!\xa9\xc9\x18\x9f\x0bad\x88\xd9imd\xcb\x07\x94\xa5\x0b\x08\xa5\xa4\x17\xeb',63830731236095628591542725557066326050155325201576653430912973016304453949419,37581749308296180725453569517173535955988414383247376866302536455378886989260
end,100741436555528905222282934786429520668475596642490298392302379885456411308888,0xdeb9a1e9022ff8ddecab559c3df7910d4ed827d41c39051b6640f159abb3b358,b'\x03d\xa6\xcf \xc0\x0cz\xa9\xb1\xb9\xcc9\x89\xa6j)4\x07N\x1bS\xf6\xe4\xfb\xd5\x8e\xd6{a\x046\xc9',45526011015517023257232075430215807329103801693414815478213589801330576471753,88069782383304659321301705254844256023944680703996561818813035714083740522219
end,100741436555528905222282934786429520668475596642490298392302379885456411308889,0xdeb9a1e9022ff8ddecab559c3df7910d4ed827d41c39051b6640f159abb3b359,b'\x02J\xa3\xfe:\x07\xaf\xc8\xd1\xc7\x89\xc4\xc4\xa0\x0e\x98[\xd8\x05\x1c\xab\xc6|u\xa2\xb7\x96\xe1\xf2\x8d\x99\x90\xe6',33760901474779080453765660845331825559829627860917680205558553934837392707814,64293078560385820597878938434087853807857655017973247983740813862958009236192
end,100741436555528905222282934786429520668475596642490298392302379885456411308890,0xdeb9a1e9022ff8ddecab559c3df7910d4ed827d41c39051b6640f159abb3b35a,"b'\x025gYNR\xd9\xcd?\xd0{\xc3S\x9d\x13\xf9\x14q#\x0b\x1e?""xl\xfc\x04^*\xdd\x95\xb4\x93'",24155182589611202929585092269174131106219539953304835687970736168408077153427,104200006537044155688479671492785164360488657305302872309341321178477588358904
end,100741436555528905222282934786429520668475596642490298392302379885456411308891,0xdeb9a1e9022ff8ddecab559c3df7910d4ed827d41c39051b6640f159abb3b35b,b'\x02\xf4\xb2\xb6%\xa1\x07\xd6%\xf7\x9b\xcb~\xce\xba\xf1\xe6\xe6M\x13<M\x06\x05d\xac\xf2\x93\xb7\x8c\xbf6\x82',110680090964159196455618506936649769494409080989541034142288190638732674545282,112107149452685906614774748586093089519824395650410424153838686858296931187214
end,100741436555528905222282934786429520668475596642490298392302379885456411308892,0xdeb9a1e9022ff8ddecab559c3df7910d4ed827d41c39051b6640f159abb3b35c,b'\x03\x98\xfdY\x9eYi\xe6\xfd\n\xb5\xd2\xe8f;\xee\xdc\x8f%\x96\xac\xe2\x19\x10\x02\x05\xe2\x13\x07*v\xdb\xb9',69199183816558219675358820314896054348900149043238739778880101416886624246713,52025507947612471281287001588043780640275507456074657143649378862890499339627
end,100741436555528905222282934786429520668475596642490298392302379885456411308893,0xdeb9a1e9022ff8ddecab559c3df7910d4ed827d41c39051b6640f159abb3b35d,b'\x02\xe7\x102\xf5\xfey\xb8)\x95+y\xf2\x9e\x16b\xf3\xdf\x1eKA\x91C\xaag\xb4\xd2\xdbT\x1f\x0c\xf7\xd6',104512889295074657377898775481518894195960655635910253836595426703005881006038,72886392252323373372251799027405435015060357484898327416479923625238501585290
end,100741436555528905222282934786429520668475596642490298392302379885456411308894,0xdeb9a1e9022ff8ddecab559c3df7910d4ed827d41c39051b6640f159abb3b35e,b'\x02k\x91\xdf/1#\ny\x85i\xff\xb6\x0c\x15\x99\xcb\x8f\xa0\xb7\xd5M \xb2\xc3\xf2\x15\x97\x10\x93\x1dU\x86',48655207984529914224356850036461427661672041883686721904103767902774294828422,77876546916681915215075219843811872951719735167142265857029743530801834293348
end,100741436555528905222282934786429520668475596642490298392302379885456411308895,0xdeb9a1e9022ff8ddecab559c3df7910d4ed827d41c39051b6640f159abb3b35f,b'\x03:\xf3\xb5\x9e\xde\xf3\xb5\xf4\xf8\xc1\xe4\xcc\xecz\x8a\xb4\xc4\xcb\x94\xa1`}\xf2s\xdev\xe6\xb6\xd2\xe1(}',26664742553810525965363462495541033323549738425635865410378488388781674145917,70718041539517390441331080754037031632591764714277209183996122085906834337945
end,100741436555528905222282934786429520668475596642490298392302379885456411308896,0xdeb9a1e9022ff8ddecab559c3df7910d4ed827d41c39051b6640f159abb3b360,"b'\x02J\x17\x94\xe9\xdcV\xc1\xb5\x9dm\xd1u@\x1a;\xd1\x87\x17\x8b\xfd\xda\xdb\xd5l\x18\xf6\xa5\xef\xdf\xda,\xc0'",33512816040982907822869106583506280985855433583424203200999307803500176092352,13325574982365057634159903448479188984759205913555009502431536485289411823430
end,100741436555528905222282934786429520668475596642490298392302379885456411308897,0xdeb9a1e9022ff8ddecab559c3df7910d4ed827d41c39051b6640f159abb3b361,"b'\x03\x06\xd4\xb3\x17I\xb9\xe6\xb3\xc6E\xc6a\x97y\xf4`\xc2H\x18\xa0\xee\xbf\x0e,cg\x16\xdb\xa4]\x9e\xc3'",3089684709671737265288069724024780061934856186859496839080496306293682577091,114562769829987832909559007737167050931992346862277356766845346608245359010531
end,100741436555528905222282934786429520668475596642490298392302379885456411308898,0xdeb9a1e9022ff8ddecab559c3df7910d4ed827d41c39051b6640f159abb3b362,"b'\x03=\xbc\xd3\xf1\xad\x81en""\xd50\xe9\xb1\xd7\x86\x06]\x99\xd4\x8a\xbb\xbd)\xb9c\xa3\x0b\xbe{\xbb\x17\xd0'",27924713795856162509709533415726810360234842170947574036158151818203994200016,114532208076915505474246552108830016960990934418682003960611907038624546809231
end,100741436555528905222282934786429520668475596642490298392302379885456411308899,0xdeb9a1e9022ff8ddecab559c3df7910d4ed827d41c39051b6640f159abb3b363,"b'\x02\xf5\x1a\xe8\xa7L\xc90\x03\xf7i:\xfb\xdd\x1b\xe2}\x1c9\x87\xce\x9f\xb8\xfb<\x80\xf4\xadv/""\xbfQ'",110864191642134549897728783432684514640955044577594604440013770644279504584529,87344900206836447444031567645182177212705368666495809132077985121771387984074
end,100741436555528905222282934786429520668475596642490298392302379885456411308900,0xdeb9a1e9022ff8ddecab559c3df7910d4ed827d41c39051b6640f159abb3b364,b'\x03y\xab\xe9>\xe82\xc4\x0e\xcb\x9a\xdaar\x86\xb5\xbe1\xdf}\xdf\xe4\x7f\xa8\xc3\x93\xcc4\x96I\xdf\xee\x11',55033595329521167805033365762278090666402290973152050092293676206794702056977,98105470054546627575192562869250198682825393495321239900483233989923346139023
end,100741436555528905222282934786429520668475596642490298392302379885456411308901,0xdeb9a1e9022ff8ddecab559c3df7910d4ed827d41c39051b6640f159abb3b365,b'\x03C\xc7LA\x7fd\x08\x1a\xd9\xc1I\xb4\x94\xadf\xe9\x9b\xa4\xca\xd8\xda\xd2mLi\x7f\xb6\xb0\xf3\x14q\xbc',30657089719504447630127356505667012507147901241388844997798506613084165271996,81776668522091830660826771527182228754692679008643607655349511878819890864265
end,100741436555528905222282934786429520668475596642490298392302379885456411308902,0xdeb9a1e9022ff8ddecab559c3df7910d4ed827d41c39051b6640f159abb3b366,b'\x03\xcf\xb3\xf3\x10\x00\x16@\xab\xcb\x972\x03S\xbb\xf7E\x8f\x1c\x9b\xa9\x94vf\x93T\t\x12\xe6\xe7\x89\xf2X',93946702837062044167160617887563222345893719629455626657774978801336446480984,82004179429720334917559830765268346904941315481101121872833171191083505210281
end,100741436555528905222282934786429520668475596642490298392302379885456411308903,0xdeb9a1e9022ff8ddecab559c3df7910d4ed827d41c39051b6640f159abb3b367,"b'\x03\xd0\x05uJ""\xf1\xb4-\xdae~\xe2[-\xa0\x15\xaa\x1d\x02\xf9\xe3\xbf \x1a\x05\x0c\r\xbe\x174l\xcc'",94090716243681977671391973998935580017850219155977959858399387604158805994700,111926541112773992804101802205609913633419358228450524324936320063444214079153
end,100741436555528905222282934786429520668475596642490298392302379885456411308904,0xdeb9a1e9022ff8ddecab559c3df7910d4ed827d41c39051b6640f159abb3b368,"b'\x02\x0f\x0f\xeb\x81\x82\x91\x04\x11~1\xa6\xff\x17z\xb6 \xd8\xc7\xa8\x93\xd0*T\xfc\xbf\xd5_""\xcd\xf3\\T'",6812820836695541430138693831098743190596483519169999765538861361534829026388,52480630553526917381761190796267419490775117456709412829972317419321325987944
end,100741436555528905222282934786429520668475596642490298392302379885456411308905,0xdeb9a1e9022ff8ddecab559c3df7910d4ed827d41c39051b6640f159abb3b369,b'\x03u\x01\xecZM-\x8b\xa6\xd7\x96\x9a\xe0%Hx\x96\xa10\x15\x14\x04\x9c\xa5\xa9\n5u\xde\xdci\xae@',52924001377967771237041942931822773272116860106179401330045048453912131644992,63653546137188457980206893461550584605621231087823343269440225682024957822483
end,100741436555528905222282934786429520668475596642490298392302379885456411308906,0xdeb9a1e9022ff8ddecab559c3df7910d4ed827d41c39051b6640f159abb3b36a,b'\x03{O\xe9\x8a\xc7h*\xb7xRa\xa5;H)\xbc\x91\xaeU\xfe\x8c\xa67\xae\xc1\xb2 4\xae\xf6\xc0Y',55775673142230698203697706143055882990850599504880533234012750206789345525849,115515538066140910591617109861291854427327852707777261727704882135096216318275
end,100741436555528905222282934786429520668475596642490298392302379885456411308907,0xdeb9a1e9022ff8ddecab559c3df7910d4ed827d41c39051b6640f159abb3b36b,"b""\x02\x83\xb9kw(\xfd\xd8'\x82\xe2~v\x89R\x187a]\x84\x90\x8b\xcbj\xa1\xf1\xac\x90\xde\x08z\xce\x1b""",59580591570801575135756432018820852993239055977508217504158379887384852090395,959495936562357875392226089768845627101314034580660405384503866516283551328
end,100741436555528905222282934786429520668475596642490298392302379885456411308908,0xdeb9a1e9022ff8ddecab559c3df7910d4ed827d41c39051b6640f159abb3b36c,b'\x03\x99Xu7b\xd9j\x1b\xb1J\xe5\x1e{\x97\x8f\x90\x90\x1d\x1e\xf1./\xc1\xd1.\xa8\xcc\x7f\xab\xfc\x1d\x04',69360157372469940146385164182109511091288802861840254794872181012104371510532,82277788381538209516511418664588175650877734054826454342013262831761341817431
end,100741436555528905222282934786429520668475596642490298392302379885456411308909,0xdeb9a1e9022ff8ddecab559c3df7910d4ed827d41c39051b6640f159abb3b36d,"b'\x03\xc0u""\xd8y\xf3\xe2\x12\xbbM\x01\xd3\xf2(\x95f?\xd8(\x8c\x85f0\xbd\x18\xd5y%\xed\x84,}'",87051028530133603497277572097113852530193739054454056618569660119110083947645,40277216209882274209713853590861671019805962605376422623361304226581815351083
end,100741436555528905222282934786429520668475596642490298392302379885456411308910,0xdeb9a1e9022ff8ddecab559c3df7910d4ed827d41c39051b6640f159abb3b36e,b'\x02\xaa<\xb1\xbb8\xfb\xa5\x97\xd5\xf0\x04\xeaq\x08t\x11\xc0\xee\x01\xd7&\x0f X\xa2T\x9c\xef:\x96Hk',77000421739656407612476629623507028653945816178916741102996733607419313539179,94048610337786550498033188444144815881589506189704050666964764817368935713736
end,100741436555528905222282934786429520668475596642490298392302379885456411308911,0xdeb9a1e9022ff8ddecab559c3df7910d4ed827d41c39051b6640f159abb3b36f,b'\x021\x98\x19\xffn\xbfYG\xbb~\xbc\xd5\x13\xca\xe1ly\r\xfdtx\xa1+8O\xcb\x8eDGE\xe1\xc1',22432069764534505729808284677508941647723207873615783435280521072651671036353,32360082650220956397777789013780353367395336866089955769812765805067326614004
end,100741436555528905222282934786429520668475596642490298392302379885456411308912,0xdeb9a1e9022ff8ddecab559c3df7910d4ed827d41c39051b6640f159abb3b370,b'\x03b\xd2\x8a\xedM\xc5\x83\x17\xceB+\xc45\xf5\xedK\xcdm[1\x96\x9b\t\xe0\xe9|Q\x0b\xfa\xbb\xbe\x9b',44698655883457082198544111342893943384668863685087080985417080269684573191835,67827794539882701925080590203939570677791291033303589147981115525943141848335
end,100741436555528905222282934786429520668475596642490298392302379885456411308913,0xdeb9a1e9022ff8ddecab559c3df7910d4ed827d41c39051b6640f159abb3b371,b'\x02\x87$H\x80\x0c\xe6\x15Pq\x94\xf8c\x04C\x13%Vnb\xb5\xb0)s\x11\xdcQqw\x88\xf1{A',61126341431041524844859093667198679875007051369126692376729286632078130117441,10046421865309281021971509184323269320348550629399908225716984302339713835266
